INSERT INTO `form` (`id`, `form_id`, `form_name`) VALUES (1, 'MUNICIPALITY_RESIDENT_FORM', 'Municipality Residents Information Form');

INSERT INTO `options` (`id`, `option_id`, `option_text`, `question_id`) VALUES
	(1, 1, 'नेपाली', 8),
	(2, 2, 'मैथिली', 8),
	(3, 3, 'भोजपुरी', 8),
	(4, 4, 'थारु', 8),
	(5, 5, 'तामाङ', 8),
	(6, 6, 'नेवार', 8),
	(7, 7, 'मगर', 8),
	(8, 8, 'बज्जिका', 8),
	(9, 9, 'उर्दु', 8),
	(10, 10, 'अवाधी', 8),
	(11, 11, 'लिम्बु', 8),
	(12, 12, 'गुरुङ', 8),
	(13, 13, 'अन्य', 8),
	(14, 1, 'क्षेत्री', 9),
	(15, 2, 'ब्राह्मण', 9),
	(16, 3, 'जनजाति', 9),
	(17, 4, 'दलित', 9),
	(18, 5, 'मधेशी', 9),
	(19, 6, 'मुस्लिम', 9),
	(20, 7, 'अन्य', 9),
	(21, 1, 'हिन्दु', 10),
	(22, 2, 'बौद्ध', 10),
	(23, 3, 'इस्लाम', 10),
	(24, 4, 'किँरात', 10),
	(25, 5, 'ईसाई', 10),
	(26, 6, 'निर्दिष्ट / अन्य', 10),
	(27, 1, 'धारा', 19),
	(28, 2, 'इनार', 19),
	(29, 3, 'कूवा', 19),
	(30, 1, 'ढल', 20),
	(31, 2, 'सेफ्टी ट्याङ्की', 20),
	(32, 3, 'दुबै', 20),
	(33, 1, 'मोटर (चार पाङ्ग्रे)', 21),
	(34, 2, 'अटो (तिनपाङग्रे)', 21),
	(35, 3, 'मोटर साइकल/स्कूटर', 21),
	(36, 4, 'साइकल/रिक्सा', 21),
	(37, 5, 'अन्य', 21),
	(38, 1, 'आर. सि. सि ढलान', 22),
	(39, 2, 'माटोको छाना', 22),
	(40, 3, 'जस्ता वा च्याटर छाना', 22),
	(41, 4, 'टायल वा ढुंगाको छाना', 22),
	(42, 5, 'अन्य', 22),
	(43, 1, 'माटो वा ढुंगा', 23),
	(44, 2, 'सिमेन्ट र ढुंगा', 23),
	(45, 3, 'फ्रेम स्ट्रकचर', 23),
	(46, 4, 'लोड वायरिङ्ग', 23),
	(47, 5, 'काठको खम्बा', 23),
	(48, 6, 'अन्य', 23),
	(49, 1, 'छ', 24),
	(50, 2, 'छैन', 24),
	(51, 1, 'घर', 25),
	(52, 2, 'गाई वस्तु', 25),
	(53, 3, 'खेतीपाती', 25),
	(54, 4, 'मानव', 25),
	(55, 5, 'छैन', 25),
	(56, 1, 'छ', 26),
	(57, 2, 'छैन', 26),
	(58, 1, 'छ', 27),
	(59, 2, 'छैन', 27),
	(60, 1, 'स्थानिय सरकार', 28),
	(61, 2, 'गैर-सरकारी संस्था', 28),
	(62, 3, 'गुठी', 28),
	(63, 4, 'छिमेकी', 28),
	(64, 1, 'बाढि वा डुवान', 30),
	(65, 2, 'पहिरो', 30),
	(66, 3, 'आगलागी', 30),
	(67, 4, 'दुरघटना (सडक)', 30),
	(68, 5, 'भुकम्प', 30),
	(69, 6, 'धुवा-धुलो', 30),
	(70, 7, 'महामारी', 30),
	(71, 1, 'छ', 31),
	(72, 2, 'छैन', 31),
	(73, 1, 'गल्फ', 32),
	(74, 2, 'युरोप', 32),
	(75, 3, 'एशिया', 32),
	(76, 4, 'अन्य', 32),
	(77, 5, 'छैन', 32),
	(78, 1, 'अष्ट्रेलिया', 33),
	(79, 2, 'यु . के .', 33),
	(80, 3, 'यु . एस . ए.', 33),
	(81, 4, 'जापान', 33),
	(82, 5, 'चीन', 33),
	(83, 1, 'दैनिक ज्यालादारी', 34),
	(84, 2, 'कलकारखाना मजदुर', 34),
	(85, 3, 'यातायात मजदुर', 34),
	(86, 4, 'उत्पादक मजदुर', 34),
	(87, 5, 'घरेलु कामदार', 34),
	(88, 6, 'अन्य', 34),
	(89, 7, 'छैन', 34),
	(90, 1, 'मल बनाउने', 35),
	(91, 2, 'निजी संकलन', 35),
	(92, 3, 'नगरको गाडीमा पठाउने', 35),
	(93, 4, 'अन्य', 35),
	(94, 1, 'वद्मुत/बिजुली', 36),
	(95, 2, 'जेनेरेटर', 36),
	(96, 3, 'गोबर ग्याँस', 36),
	(97, 4, 'सोलार', 36),
	(98, 5, 'मट्टितेल', 36),
	(99, 6, 'इन्भटर अथवा ब्याट्री', 36),
	(100, 7, 'अन्य', 36),
	(101, 8, 'छैन', 36),
	(102, 1, 'एलपीग्यास', 37),
	(103, 2, 'मट्टितेल', 37),
	(104, 3, 'दाउरा', 37),
	(105, 4, 'विद्मुत', 37),
	(106, 1, 'टेलिफोन', 38),
	(107, 2, 'इन्टरनेट', 38),
	(108, 3, 'मोबाईल', 38),
	(109, 4, 'टेलिभिजन', 38),
	(110, 5, 'रेडियो', 38),
	(111, 6, 'अन्य', 38),
	(112, 7, 'छैन', 38),
	(113, 1, '१ रोपनी भन्दा कम', 39),
	(114, 2, '१-५ रोपनी', 39),
	(115, 3, '५-१० रोपनी', 39),
	(116, 4, '१० रोपनी भन्दा माथी', 39),
	(117, 1, '१,००,०००/- भन्दा कम', 40),
	(118, 2, '१,००,००१/- देखि २,५०,०००/-', 40),
	(119, 3, '२,५०,००१/- देखि ४,००,०००/-', 40),
	(120, 4, '४,००,००१/- देखि ६,००,०००/-', 40),
	(121, 5, '६,००,००१/- देखि ८,००,०००/-', 40),
	(122, 6, '८,००,००१/- भन्दा माथि', 40),
	(123, 1, '१,००,०००/- भन्दा कम', 41),
	(124, 2, '१,००,००१/- देखि २,५०,०००/-', 41),
	(125, 3, '२,५०,००१/- देखि ४,००,०००/-', 41),
	(126, 4, '४,००,००१/- देखि ६,००,०००/-', 41),
	(127, 5, '६,००,००१/- देखि ८,००,०००/-', 41),
	(128, 6, '८,००,००१/- भन्दा माथि', 41),
	(129, 1, 'गाई', 42),
	(130, 2, 'भैँसी', 42),
	(131, 3, 'गोरु', 42),
	(132, 4, 'बाख्रा', 42),
	(133, 5, 'बोका', 42),
	(134, 6, 'भेडा', 42),
	(135, 7, 'च्याङग्रा', 42),
	(136, 8, 'कुकुर', 42),
	(137, 9, 'हाँस', 42),
	(138, 10, 'कुखुरा', 42),
	(139, 11, 'कालिज', 42),
	(140, 12, 'टर्की', 42),
	(141, 1, '३ महिना', 43),
	(142, 2, '४-६ महिना', 43),
	(143, 3, '७-९ महिना', 43),
	(144, 4, '९ महिना भन्दा बढी', 43),
	(145, 1, 'छ', 44),
	(146, 2, 'छैन', 44),
	(147, 1, 'शारीरिक अपाङ्गता', 52),
	(148, 2, 'दृष्टिविहिन र न्युन दृष्टिविहिन', 52),
	(149, 3, 'बोल्न नसक्ने', 52),
	(150, 4, 'सुस्त श्रवण', 52),
	(151, 5, 'मानसिक अपाङ्गता', 52),
	(152, 6, 'श्रवण र दृष्टिविहिन (दुवै)', 52),
	(153, 7, 'अन्य', 52),
	(154, 8, 'छैन', 52),
	(155, 1, 'शारीरिक अपाङ्गता', 53),
	(156, 2, 'दृष्टिविहिन र न्युन दृष्टिविहिन', 53),
	(157, 3, 'बोल्न नसक्ने', 53),
	(158, 4, 'सुस्त श्रवण', 53),
	(159, 5, 'मानसिक अपाङ्गता', 53),
	(160, 6, 'श्रवण र दृष्टिविहिन (दुवै)', 53),
	(161, 7, 'अन्य', 53),
	(162, 8, 'छैन', 53),
	(163, 1, 'लामा, धामी, झाँऋी', 54),
	(164, 2, 'परंपरागत वैद्य', 54),
	(165, 3, 'स्वास्थ्य चौकी', 54),
	(166, 4, 'निजी अस्पताल', 54),
	(167, 5, 'सरकारी अस्पताल', 54),
	(168, 1, 'बालक', 55),
	(169, 2, 'बालिका', 55),
	(170, 3, 'छैन', 55),
	(171, 1, 'बालक', 56),
	(172, 2, 'बालिका', 56),
	(173, 3, 'छैन', 56),
	(174, 1, 'गाली', 57),
	(175, 2, 'कुटपीट', 57),
	(176, 3, 'खानामा बन्देज', 57),
	(177, 4, 'कोठामा थुन्ने', 57),
	(178, 5, 'सम्झाउने', 57),
	(179, 6, 'अन्य', 57),
	(180, 1, 'छ', 58),
	(181, 2, 'छैन', 58),
	(182, 1, 'छ', 59),
	(183, 2, 'छैन', 59),
	(184, 3, 'थाहा छैन', 59),
	(185, 1, 'दाईजोसम्बन्धी', 60),
	(186, 2, 'वहुविवाह', 60),
	(187, 3, 'घरायसी हिंसा', 60),
	(188, 4, 'बालविवाह', 60),
	(189, 5, 'बलात्कार', 60),
	(190, 6, 'महिला/बालबालिका बेचबिखन', 60),
	(191, 7, 'कुनै पनि घटना नघटेको', 60),
	(192, 1, 'छ', 61),
	(193, 2, 'छैन', 61),
	(194, 1, 'व्यवसायको लागि', 62),
	(195, 2, 'परिवारको लागि', 62),
	(196, 1, 'छ', 63),
	(197, 2, 'छैन', 63),
	(198, 1, 'बधुवा', 64),
	(199, 2, 'चरन', 64),
	(200, 1, 'छ', 65),
	(201, 2, 'छैन', 65),
	(202, 1, 'समुहमा', 66),
	(203, 2, 'सहकारीमा', 66),
	(204, 1, 'आफ्नै (आना)', 67),
	(205, 2, 'भाडामा (आना)', 67),
	(206, 1, 'पक्की', 68),
	(207, 3, 'टहरो', 68),
	(208, 1, 'दाना', 69),
	(209, 2, 'घाँस', 69),
	(210, 3, 'पराल', 69),
	(211, 4, 'भुस', 69),
	(212, 1, 'परिवारको (सङ्ख्या)', 70),
	(213, 2, 'अन्य (सङ्ख्या)', 70),
	(214, 1, 'छ', 73),
	(215, 2, 'छैन', 73),
	(216, 1, 'स्थायी जन्म', 74),
	(217, 2, 'बसाइसराइ', 74),
	(218, 1, 'छ', 76),
	(219, 2, 'छैन', 76),
	(220, 1, 'छ', 77),
	(221, 2, 'छैन', 77),
	(222, 1, 'आफ्नै (आना) ', 78),
	(223, 2, 'भाडामा (आना) ', 78),
	(224, 1, 'कृषक समुह', 79),
	(225, 2, 'कृषि सहकारी', 79),
	(226, 3, 'छैन', 79),
	(227, 1, 'धान', 80),
	(228, 2, 'मकै', 80),
	(229, 3, 'गहु', 80),
	(230, 4, 'कोदो', 80),
	(231, 5, 'जौ', 80),
	(232, 6, 'फापर', 80),
	(233, 1, 'तेलहन', 81),
	(234, 2, 'आलु', 81),
	(235, 3, 'उखु', 81),
	(236, 4, 'चिया', 81),
	(237, 5, 'कफि', 81),
	(238, 6, 'अलैँचि', 81),
	(239, 7, 'अदुवा', 81),
	(240, 8, 'प्याज', 81),
	(241, 9, 'लसुन', 81),
	(242, 10, 'बेसार', 81),
	(243, 1, 'मुसुरो', 82),
	(244, 2, 'चना', 82),
	(245, 3, 'भटमास', 82),
	(246, 4, 'मास', 82),
	(247, 5, 'गहत', 82),
	(248, 6, 'अन्य', 82),
	(249, 1, 'सुन्तला', 83),
	(250, 2, 'कागति', 83),
	(251, 3, 'हलुवावेद', 83),
	(252, 4, 'लप्सी', 83),
	(253, 5, 'किवी', 83),
	(254, 6, 'नास्पाती', 83),
	(255, 7, 'अम्बा', 83),
	(256, 8, 'स्ट्रोबेरी', 83),
	(257, 1, 'गोलभेडा', 84),
	(258, 2, 'काउली', 84),
	(259, 3, 'बोडी, सिमी', 84),
	(260, 4, 'भन्टा', 84),
	(261, 5, 'केराउ', 84),
	(262, 6, 'बन्दा', 84),
	(263, 7, 'कुरीलो', 84),
	(264, 8, 'करेला', 84),
	(265, 9, 'साग(रायो, पालुङ्ग)', 84),
	(266, 10, 'मुला', 84),
	(267, 11, 'काँक्रो', 84),
	(268, 12, 'गाँजर', 84),
	(269, 13, 'फर्सि, लौका, घिरौला', 84),
	(270, 14, 'डल्ले खुर्सानी', 84),
	(271, 1, 'पुष्प खेति', 85),
	(272, 2, 'कन्ये च्याउ', 85),
	(273, 3, 'गोब्रे च्याउ', 85),
	(274, 4, 'सिताके च्याउ', 85),
	(275, 5, 'अन्य', 85),
	(276, 1, 'छ', 86),
	(277, 2, 'छैन', 86),
	(278, 1, 'छ', 87),
	(279, 2, 'छैन', 87),
	(280, 1, 'आफ्नै (आना)', 88),
	(281, 2, 'भाडामा (आना)', 88),
	(282, 1, 'छ', 89),
	(283, 2, 'छैन', 89),
	(284, 1, 'सेरेना', 90),
	(285, 2, 'मेलिफेरा', 90),
	(286, 1, 'परिवारका सदस्य', 92),
	(287, 2, 'अन्य', 92),
	(288, 3, 'छैन', 62),
	(289, 3, 'छैन', 64),
	(290, 3, 'छैन', 66),
	(291, 3, 'छैन', 67),
	(292, 2, 'कच्ची', 68),
	(293, 4, 'छैन', 68),
	(294, 5, 'छैन', 69),
	(295, 3, 'छैन', 70),
	(296, 7, 'छैन', 80),
	(297, 11, 'छैन', 81),
	(298, 7, 'छैन', 82),
	(299, 9, 'अन्य', 83),
	(300, 15, 'अन्य', 84),
	(301, 6, 'छैन', 85),
	(302, 3, 'छैन', 88),
	(303, 3, 'छैन', 90),
	(304, 3, 'छैन', 92),
	(305, 3, 'अस्थायी', 74),
	(306, 4, 'बसाइसराइ नभएको', 74),
	(307, 1, 'निजी', 93),
	(308, 2, 'भाडामा', 93),
	(309, 3, 'संस्थागत', 93),
	(310, 4, 'अन्य', 93),
	(311, 4, 'मूलधारा', 19),
	(312, 5, 'ट्युवेल/हाते पम्प', 19),
	(313, 6, 'अन्य', 19),
	(314, 1, 'आंशिक', 94),
	(315, 2, 'सबै', 94),
	(316, 1, 'कम्बोर्ट (फ्लस चर्पी)', 95),
	(317, 2, 'साधारण चर्पी', 95),
	(318, 3, 'दुबै', 95),
	(319, 6, 'थाइल्यान्ड', 33),
	(320, 7, 'फिनल्याण्ड', 33),
	(321, 8, 'नर्वे', 33),
	(322, 9, 'अन्य', 33),
	(323, 10, 'छैन', 33),
	(324, 5, 'अन्य', 37),
	(325, 1, 'एयर कण्डीसनर', 96),
	(326, 2, 'रेफ्रिजेरेटर', 96),
	(327, 3, 'वासिन मेसिन', 96),
	(328, 4, 'अन्य', 96),
	(329, 5, 'आफ्नै परिवार', 28),
	(330, 6, 'स्थानीय समूह', 28),
	(331, 7, 'अन्य', 28),
	(332, 6, 'अन्य', 54),
	(333, 10, 'छैन', 83),
	(334, 15, 'छैन', 84),
	(335, 13, 'बंगुर', 42),
	(336, 14, 'अन्य', 42),
	(337, 15, 'छैन', 42),
	(338, 4, 'छैन', 20),
	(339, 4, 'छैन', 95),
	(340, 6, 'छैन', 21),
	(341, 1, 'ब्युटीपालर', 97),
	(342, 2, 'मासु पसल', 97),
	(343, 3, 'खुद्रा पसल', 97),
	(344, 4, 'किराना पसल', 97),
	(345, 5, 'जुत्ता पसल', 97),
	(346, 6, 'होटल', 97),
	(347, 7, 'खाजा पसल', 97),
	(348, 8, 'मिनि मार्ट', 97),
	(349, 9, 'रेस्टुरेन्ट', 97),
	(350, 10, 'फलफुल पसल', 97),
	(351, 11, 'फार्मेसी', 97),
	(352, 12, 'किलनिक', 97),
	(353, 13, 'विद्यालय', 97),
	(354, 14, 'तरकारी पसल', 97),
	(355, 15, 'डेयरी पसल', 97),
	(356, 16, 'अन्य', 97),
	(357, 1, 'नेपाली', 98),
	(358, 2, 'मैथिली', 98),
	(359, 3, 'भोजपुरी', 98),
	(360, 4, 'थारु', 98),
	(361, 5, 'तामाङ', 98),
	(362, 6, 'नेवार', 98),
	(363, 7, 'मगर', 98),
	(364, 8, 'बज्जिका', 98),
	(365, 9, 'उर्दु', 98),
	(366, 10, 'अवाधी', 98),
	(367, 11, 'लिम्बु', 98),
	(368, 12, 'गुरुङ', 98),
	(369, 13, 'अन्य', 98),
	(370, 1, 'नेपाली', 99),
	(371, 2, 'मैथिली', 99),
	(372, 3, 'भोजपुरी', 99),
	(373, 4, 'थारु', 99),
	(374, 5, 'तामाङ', 99),
	(375, 6, 'नेवार', 99),
	(376, 7, 'मगर', 99),
	(377, 8, 'बज्जिका', 99),
	(378, 9, 'उर्दु', 99),
	(379, 10, 'अवाधी', 99),
	(380, 11, 'लिम्बु', 99),
	(381, 12, 'गुरुङ', 99),
	(382, 13, 'अन्य', 99);


INSERT INTO `question` (`id`, `indx`, `question_id`, `description`, `group`, `required`, `type_id`, `form_id`, `reportable`) VALUES
	(1, 1, 'Owner_name', 'घरमूलीको नाम', 'घर विवरण', 2, 3, 1, b'0'),
	(2, 2, 'Tole', 'टोल', 'घर विवरण', 2, 3, 1, b'0'),
	(3, 3, 'resident_ward_no', 'वडा नं', 'घर विवरण', 2, 15, 1, b'0'),
	(4, 4, 'House_no', 'घर नं', 'घर विवरण', 2, 4, 1, b'0'),
	(5, 5, 'Phone_no', 'फोन नं', 'घर विवरण', 1, 4, 1, b'0'),
	(6, 6, 'Father_name', 'बुबाको नाम', 'घर विवरण', 2, 3, 1, b'0'),
	(7, 7, 'Mother_name', 'आमाको नाम', 'घर विवरण', 2, 3, 1, b'0'),
	(8, 8, 'Mother_togue', 'पुर्खोली भाषा', 'घर विवरण', 2, 13, 1, b'1'),
	(9, 11, 'Caste', 'जाति', 'घर विवरण', 2, 13, 1, b'1'),
	(10, 12, 'Religion', 'धर्म', 'घर विवरण', 2, 13, 1, b'1'),
	(11, 14, 'Citizenship_no', 'नागरिकता नं', 'घर विवरण', 2, 3, 1, b'0'),
	(12, 15, 'citizenship_district', 'नागरिकता लिएको जिल्ला', 'घर विवरण', 2, 14, 1, b'0'),
	(13, 16, 'kitta_number', 'कित्ता नं', 'घर विवरण', 2, 4, 1, b'0'),
	(14, 17, 'house_count', 'घर संख्या', 'घर विवरण', 2, 4, 1, b'0'),
	(15, 21, 'business_name', 'व्यवसायको नाम', 'घर विवरण', 1, 3, 1, b'0'),
	(16, 23, 'businessman_name', 'व्यवसायीको नाम', 'घर विवरण', 1, 3, 1, b'0'),
	(17, 24, 'business_phone_no', 'व्यवसायीको फोन नं', 'घर विवरण', 1, 4, 1, b'0'),
	(18, 18, 'house_storey', 'घरको तल्ला', 'घर विवरण', 2, 4, 1, b'0'),
	(19, 27, 'water', 'खानेपानीको स्रोत', 'घर विवरण', 2, 1, 1, b'0'),
	(20, 28, 'outlet', 'निकास', 'घर विवरण', 2, 1, 1, b'0'),
	(21, 31, 'vehicle', 'सवारी साधन', 'घर विवरण', 2, 12, 1, b'1'),
	(22, 19, 'Roof_type', 'घरको छानाको प्रकार', 'घर विवरण', 2, 2, 1, b'0'),
	(23, 20, 'foundation_type', 'घरको जगको प्रकार', 'घर विवरण', 2, 2, 1, b'0'),
	(24, 42, 'EQ_proof', 'घर भुकम्प प्रतिरोधात्मक', 'जोखिम', 2, 2, 1, b'0'),
	(25, 43, 'EQ_Effect', 'तपाईको घर वा परिवारलाई २०७२ सालको भुकम्पले के-कस्तो क्षेती पुर्यायो?', 'जोखिम', 2, 1, 1, b'0'),
	(26, 44, 'Re_construction', 'घर क्षती भएको भए पुनः निर्माण गर्नु भयो?', 'जोखिम', 1, 2, 1, b'0'),
	(27, 45, 'Risk_type', 'तपाईको घर परिवारलाई अहिले कुनै प्रकारको जोखिम छ?', 'जोखिम', 2, 9, 1, b'0'),
	(28, 46, 'Rescuer_first', 'जोखिमको समयमा सबैभन्दा पहिलो उद्धार कसले गरेको थियो?', 'जोखिम', 2, 2, 1, b'0'),
	(29, 47, 'Risk_type_5yrs', 'पछिल्लो ५ वर्षमा तपाईको घर परिवारले कस्तो किसिमका जोखिम सामना गर्नु पर्यो?', 'जोखिम', 1, 3, 1, b'0'),
	(30, 48, 'Risks_rating', 'तपाईको विचारमा यस क्षेत्रमा तलका मध्ये कुन-कुन जोखिमको खतरा उच्च छ? (१ देखि ७ सम्म स्तरीकरण गर्नुहोस्। १ लाई उच्च र ७ लाई न्युन जोखिम मान्नुहोस्) ', 'जोखिम', 2, 10, 1, b'0'),
	(31, 49, 'Risk_precautions', 'भविष्यमा हुन सक्ने जोखिम नियन्त्रणको लागि के-कस्तो पुर्व तयारी गर्नु भएको छ?', 'जोखिम', 2, 9, 1, b'0'),
	(32, 32, 'Foreign_employment', 'वैदेशिक रोजगार', 'घर विवरण', 2, 12, 1, b'1'),
	(33, 33, 'Foreign_education', 'वैदेशिक अध्ययन', 'घर विवरण', 2, 12, 1, b'1'),
	(34, 50, 'child_labour', '१६ वर्ष सम्मका बालबालिका अन्य ठाँउमा काम गर्न गएका छन्?', 'बालबालिका', 2, 1, 1, b'0'),
	(35, 35, 'waste_management', 'घरबाट उत्पादन भएको फोहोरको ब्यबस्था', 'घर विवरण', 2, 1, 1, b'1'),
	(36, 30, 'electricity', 'बत्ती', 'घर विवरण', 2, 1, 1, b'0'),
	(37, 34, 'cooking_fuel', 'खाना पकाउन पर्योग हुने इन्धन', 'घर विवरण', 2, 1, 1, b'1'),
	(38, 36, 'communication_devices', 'सञ्चार सुविधा', 'घर विवरण', 2, 1, 1, b'0'),
	(39, 38, 'Houseland_info', 'घर जग्गाको विवरण', 'घर विवरण', 2, 2, 1, b'0'),
	(40, 39, 'annual_income', 'वार्षिक आम्दानी', 'घर विवरण', 2, 2, 1, b'1'),
	(41, 40, 'annual_expense', 'वार्षिक खर्च', 'घर विवरण', 2, 2, 1, b'1'),
	(42, 84, 'cattles', 'चौपाया तथा पशुपंक्षी', 'पशुपन्छी', 2, 12, 1, b'1'),
	(43, 41, 'production_lasting_time', 'आफ्नो उत्पादन तथा आय स्रोतले कति महिना खान पुग्छ?', 'घर विवरण', 2, 2, 1, b'0'),
	(44, 79, 'agr_aanual_expense', 'कृषि गर्नको लागि बार्षिक खर्च कति लाग्छ?', 'कृषि', 1, 4, 1, b'0'),
	(45, 80, 'agr_annual_income', 'कृषिबाट बार्षिक आम्दानी कति जति हुन्छ?', 'कृषि', 1, 4, 1, b'0'),
	(46, 94, 'citizenship_photo', 'नागरिकताको फोटो', 'अन्य', 1, 7, 1, b'0'),
	(47, 95, 'relationship_proof_photo', 'नाता प्रमाण-पत्रको फोटो', 'अन्य', 1, 7, 1, b'0'),
	(48, 96, 'building_map_photo', 'पास भएको घरको नक्साको फोटो', 'अन्य', 1, 7, 1, b'0'),
	(49, 97, 'other_document_photo', 'अन्य कागजातको फोटो', 'अन्य', 1, 7, 1, b'0'),
	(50, 98, 'gps_info', 'GPS co-ordinate', 'अन्य', 1, 6, 1, b'0'),
	(51, 99, 'house_owner_photo', 'Photo of house owner', 'अन्य', 2, 7, 1, b'0'),
	(52, 51, 'physical_mental_male', 'तपाईको परिवारमा १८ वर्षभन्दा कम उमेरका भिन्न शारीरिक तथा मानसिक क्षमता भएका(अपाङ्ग) सदस्यहरु (बालक)', 'बालबालिका', 2, 12, 1, b'1'),
	(53, 52, 'physical_mental_female', 'तपाईको परिवारमा १८ वर्षभन्दा कम उमेरका भिन्न शारीरिक तथा मानसिक क्षमता भएका(अपाङ्ग) सदस्यहरु (बालिका)', 'बालबालिका', 2, 12, 1, b'1'),
	(54, 53, 'primary_health_service', 'परिवारको कुनै सदस्य विरामी भएमा उपचारका लागि सबैभन्दा पहिला कहाँ जानुहुन्छ?', 'बालबालिका', 2, 2, 1, b'1'),
	(55, 54, 'school_leaving_children', 'बिचैमा विद्यालय जान छोडेका ६ - १५ वर्ष उमेर समुहका बालबालिकाहरुका संख्या', 'बालबालिका', 2, 12, 1, b'1'),
	(56, 55, 'playgroup_children', 'बाल विकास केन्द्र वा पुर्व प्रा.वि. तहमा जाने ३ देखि ५ वर्षसम्मका बालबालिका संख्या', 'बालबालिका', 2, 12, 1, b'1'),
	(57, 56, 'children_mistake', 'तपाईको परिवारमा बालबालिकाले गल्ति गरेमा के गर्नु हुन्छ?', 'बालबालिका', 2, 1, 1, b'1'),
	(58, 57, 'children_street', 'तपाईको परिवारका कुनै बालबालिका सडक बालबालिकाको रुपमा रहेका छन्?', 'बालबालिका', 2, 2, 1, b'0'),
	(59, 58, 'children_school_disabilities', 'तपाईको परिवारका बालबालिका पढ्ने विद्यालायमा भिन्न शारीरिक क्षमता भएका विद्यार्थीका लागि विशेष शिक्षाको सुविधा छ?', 'बालबालिका', 2, 2, 1, b'0'),
	(60, 59, 'violence_women_children', 'एक वर्षभित्र तपाईको परिवारमा महिला तथा बालबालिका उपर हिंसा सम्बन्धी निम्न कुनै घटना घटेका छन/छैनन्?', 'बालबालिका', 2, 1, 1, b'1'),
	(61, 60, 'child_mortality_les_5_year', 'बितेको १ वर्षभित्र तपाईको परिवारमा ५ वर्षमुनिका कुनै बालबालिकाको मृत्यु भएको छ?', 'बालबालिका', 2, 9, 1, b'1'),
	(62, 81, 'animal_husbandary_reason', 'पशुपन्छी पालेकोः', 'पशुपन्छी', 1, 2, 1, b'0'),
	(63, 82, 'husbandary_registered', 'व्यवसाय दर्ता भएको', 'पशुपन्छी', 1, 2, 1, b'0'),
	(64, 83, 'animals_type', 'पशुपन्छी पालनको किसिम', 'पशुपन्छी', 1, 1, 1, b'0'),
	(65, 85, 'animal_vaccination', 'पशुपन्छीलाई रोग विरुद्ध खोप लगाउनु भएको', 'पशुपन्छी', 1, 2, 1, b'0'),
	(66, 86, 'animal_group_involvement', 'पशुपन्छी पालन समुहमा आवद्धताः', 'पशुपन्छी', 1, 1, 1, b'0'),
	(67, 87, 'husbandary_land_details', 'व्यवसाय गर्न प्रयोग भएको जग्गाको विवरणः', 'पशुपन्छी', 1, 12, 1, b'0'),
	(68, 88, 'barn_type', 'गोठको प्रकार', 'पशुपन्छी', 1, 2, 1, b'0'),
	(69, 89, 'animal_food', 'पशुपन्छीलाई आवश्यक खाद्यान्न ', 'पशुपन्छी', 1, 1, 1, b'0'),
	(70, 90, 'animal_workers', 'काम गर्ने कर्मचारीहरु', 'पशुपन्छी', 1, 12, 1, b'0'),
	(71, 91, 'husbandary_annual_expense', 'पशुपन्छी पालनमा जम्मा वार्षिक खर्च', 'पशुपन्छी', 1, 4, 1, b'0'),
	(72, 92, 'husbandary_annual_income', 'पशुपन्छी पालनबाट वार्षिक आम्दानी', 'पशुपन्छी', 1, 4, 1, b'0'),
	(73, 93, 'animal_insurance', 'पशु बिमा गर्नुभएको ', 'पशुपन्छी', 1, 2, 1, b'0'),
	(74, 13, 'permanent_address', 'स्थायी ठेगाना ', 'घर विवरण', 2, 2, 1, b'1'),
	(75, 61, 'business_firm_name', 'व्यवसाय फार्मको नाम ', 'कृषि', 1, 3, 1, b'0'),
	(76, 62, 'firm_registered', 'व्यवसाय फार्म दर्ता गरेको', 'कृषि', 1, 2, 1, b'0'),
	(77, 63, 'crop_insurance', 'बाली बिमा गरेको', 'कृषि', 1, 2, 1, b'0'),
	(78, 64, 'agriculture_land_ownership', 'कृषि गर्न प्रयोग भएको जग्गाः ', 'कृषि', 1, 12, 1, b'0'),
	(79, 65, 'agr_group_involvement', 'व्यवसाय फार्म कुनै समुहमा आवद्ध भएको  ', 'कृषि', 1, 2, 1, b'0'),
	(80, 66, 'food_crops', 'खाद्दान्न बाली', 'कृषि', 1, 1, 1, b'1'),
	(81, 67, 'cash_crops', 'नगदे बाली', 'कृषि', 1, 1, 1, b'1'),
	(82, 68, 'daha_crops', 'दह बाली', 'कृषि', 1, 1, 1, b'1'),
	(83, 69, 'fruits', 'फलफुल', 'कृषि', 1, 1, 1, b'1'),
	(84, 70, 'veggies', 'तरकारी बाली', 'कृषि', 1, 1, 1, b'1'),
	(85, 71, '‍shrooms', 'अन्य बाली (पुष्प खेति, च्याउ)', 'कृषि', 1, 1, 1, b'1'),
	(86, 72, '‍non_seasonal_crops', 'बेमौसमी खेति गरिऐको बालि', 'कृषि', 2, 9, 1, b'0'),
	(87, 73, '‍plastic_house', 'प्लाष्टिक घर बनाएको(छ भने सङ्ख्या) ', 'कृषि', 2, 12, 1, b'0'),
	(88, 74, '‍non_seasonal_agr_land', 'बेमौसमी खेति गरिएको जग्गा ', 'कृषि', 1, 12, 1, b'0'),
	(89, 75, '‍bee_keeping', 'मौरीपालन गर्नु भएको छ? (भए मौरीघार कति) ', 'कृषि', 1, 12, 1, b'0'),
	(90, 76, '‍bee_species', 'मौरीपालन कुन जातकोः ', 'कृषि', 1, 1, 1, b'0'),
	(91, 77, '‍annual_honey_production', 'वार्षिक मह उत्पादन (के.जी)', 'कृषि', 1, 4, 1, b'0'),
	(92, 78, '‍agr_manpower_number', 'काम गर्ने कर्मचारीहरु कति छन ? ', 'कृषि', 1, 12, 1, b'0'),
	(93, 25, 'house_ownership', 'तपाईको परिवारले बसोबास गरेको घरको स्वामित्व कस्को हो?', 'घर विवरण', 1, 1, 1, b'0'),
	(94, 26, 'house_room_usage', 'तपाईको परिवारले कति कोठा प्रयोग गरेको छ ?', 'घर विवरण', 1, 1, 1, b'0'),
	(95, 29, 'latrine', 'चर्पी', 'घर विवरण', 1, 1, 1, b'0'),
	(96, 37, 'additional_facilities', 'अन्य सुविधाहरु', 'घर विवरण', 2, 1, 1, b'0'),
	(97, 22, 'business_type', 'व्यवसायको किसिम', 'घर विवरण', 1, 1, 1, b'0'),
	(98, 9, 'primary_language', 'पहिलो भाषा', 'घर विवरण', 2, 13, 1, b'0'),
	(99, 10, 'secondary_language', 'दोस्रो भाषा', 'घर विवरण', 1, 13, 1, b'0');


INSERT INTO `family_relation` (`relation_id`, `relation_nepali`, `relation_english`) VALUES
	(1, 'आफु', 'Self'),
	(2, 'हजुर बुबा', 'Grandfather'),
	(3, 'हजुर आमा', 'Grandmother'),
	(4, 'बुबा', 'Father'),
	(5, 'आमा', 'Mother'),
	(6, 'श्रीमान', 'Husband'),
	(7, 'श्रीमती', 'Wife'),
	(8, 'छोरा', 'Son'),
	(9, 'छोरी', 'Daughter'),
	(10, 'नाति', 'Grandson'),
	(11, 'नातिनी', 'Granddaughter'),
	(12, 'दाई', 'Brother(elder)'),
	(13, 'भाई', 'Brother(younger)'),
	(14, 'दिदी', 'Sister(elder)'),
	(15, 'बहिनी', 'Sister(younger)'),
	(16, 'बुहारी', 'Daughter-in-law'),
	(17, 'ज्वाँइ', 'Son-in-law'),
	(18, 'भाउजु', 'Sister-in-law'),
	(19, 'भान्जा ', 'Nephew (Maternal)'),
	(20, 'भान्जी', 'Niece (Maternal)'),
	(21, 'भतिजा', 'Nephew (Paternal)'),
	(22, 'भतिजी', 'Niece (Paternal)'),
	(23, 'सासु', 'Mother-in-law'),
	(24, 'ससुरा', 'Father-in-law'),
	(25, 'अन्य', 'other');


	INSERT INTO `academic_qualification` (`qualification_id`, `qualification_nep`, `qualification_eng`) VALUES
	(1, 'पिएचडि', 'phd'),
	(2, 'एमफिल', 'mphil'),
	(3, 'मास्टर डिग्री(स्नातकोत्तर)', 'masters'),
	(4, 'स्नातक', 'bachelors'),
	(5, 'उच्च विद्यालय', 'high school'),
	(6, 'माध्यामिक', 'secondary'),
	(7, 'तल्लो माध्यामिक', 'lower secondary'),
	(8, 'प्राथमिक', 'primary'),
	(9, 'सामान्य शिक्षा', 'literate'),
	(10, 'असाक्षर', 'Iliterate');


	INSERT INTO `gender` (`gender_id`, `gender_english`, `gender_nepali`) VALUES
	(1, 'Male', 'पुरुष'),
	(2, 'Female', 'महिला'),
	(3, 'Other', 'अन्य');


	INSERT INTO `districts` (`district_id`, `district_name_eng`, `district_name_nep`) VALUES
	(1,'Achham','अछाम'),
	(2,'Arghakhanchi','अर्घाखाँची'),
	(3,'Baglung','बागलुङ'),
	(4,'Baitadi','बैतडी'),
	(5,'Bajhang','बझाङ'),
	(6,'Bajura','बाजुरा '),
	(7,'Banke','बाँके'),
	(8,'Bara','बारा'),
	(9,'Bardiya','बर्दिया'),
	(10,'Bhaktapur','भक्तपुर'),
	(11,'Bhojpur','भोजपुर'),
	(12,'Chitwan','चितवन'),
	(13,'Dadeldhura','डडेलधुरा'),
	(14,'Dailekh','दैलेख'),
	(15,'Dang Deukhuri','दाङ देउखुरी'),
	(16,'Darchula','दार्चुला'),
	(17,'Dhading','धादिङ '),
	(18,'Dhankuta','धनकुटा'),
	(19,'Dhanusa','धनुषा'),
	(20,'Dolakha','दोलखा'),
	(21,'Dolpa','डोल्पा'),
	(22,'Doti','डोटी'),
	(23,'Gorkha','गोरखा'),
	(24,'Gulmi','गुल्मी'),
	(25,'Humla','हुम्ला'),
	(26,'Ilam','इलाम'),
	(27,'Jajarkot','जाजरकोट'),
	(28,'Jhapa','झापा'),
	(29,'Jumla','जुम्ला'),
	(30,'Kailali','कैलाली'),
	(31,'Kalikot','कालिकोट'),
	(32,'Kanchanpur','कंचनपुर '),
	(33,'Kapilvastu','कपिलवस्तु '),
	(34,'Kaski','कास्की'),
	(35,'Kathmandu','काठमाडौँ'),
	(36,'Kavrepalanchok','काभ्रेकाभ्रेपलान्चोक'),
	(37,'Khotang','खोटाँग'),
	(38,'Lalitpur','ललितपुर'),
	(39,'Lamjung','लमजुङ'),
	(40,'Mahottari','महोत्तरी'),
	(41,'Makwanpur','मकवानपुर'),
	(42,'Manang','मनाङ'),
	(43,'Morang','मोरंग'),
	(44,'Mugu','मुगु'),
	(45,'Mustang','मुस्ताङ'),
	(46,'Myagdi','म्याग्दी'),
	(47,'Nawalparasi East','नवलपरासी पूर्व'),
	(48,'Nawalparasi West','नवलपरासी पश्चिम'),
	(49,'Nuwakot','नुवाकोट'),
	(50,'Okhaldhunga','ओखलढुंगा'),
	(51,'Palpa','पाल्पा'),
	(52,'Panchthar','पांचथर'),
	(53,'Parbat','पर्वत'),
	(54,'Parsa','पर्सा'),
	(55,'Pyuthan','प्युठान'),
	(56,'Ramechhap','रामेछाप'),
	(57,'Rasuwa','रसुवा'),
	(58,'Rautahat','रौतहट'),
	(59,'Rolpa','रोल्पा'),
	(60,'Rukum East','रूकुम पूर्वी'),
	(61,'Rukum West','रूकुम पश्चिम'),
	(62,'Rupandehi','रुपन्देही'),
	(63,'Salyan','सल्यान '),
	(64,'Sankhuwasabha','संखुवासभा'),
	(65,'Saptari','सप्तरी'),
	(66,'Sarlahi','सर्लाही'),
	(67,'Sindhuli','सिन्धुली'),
	(68,'Sindhupalchok','सिन्धुपाल्चोक'),
	(69,'Siraha','सिराहा'),
	(70,'Solukhumbu','सोलुखुम्बू'),
	(71,'Sunsari','सुनसरी'),
	(72,'Surkhet','सुर्खेत'),
	(73,'Syangja','स्याङग्जा'),
	(74,'Tanahu','तनहुँ'),
	(75,'Taplejung','ताप्लेजुंग'),
	(76,'Tehrathum','तेह्रथुम'),
	(77,'Udayapur','उदयपुर');


INSERT INTO `ward` (`id`, `ward_number`, `location`, `name`, `ward_description`, `main_person`, `contact_no`, `building_image`) VALUES
	(1, 1, 'चाल्नाखेल', 'Ward No 1', 'xxxx', 'Mr. Jay Thapa Magar', '9851088766', '0'),
	(2, 2, 'ग्वाल्दह', 'Ward No 2', 'xxxx', 'Mr. Ram Chandra Chhetri', '9851046936', '0'),
	(3, 3, 'सेतीदेबी', 'Ward No 3', 'xxxx', 'Mr. Prachanda Man Singh Basnet', '9841608014', '0'),
	(4, 4, 'बाँसबारी', 'Ward No 4', 'xxxx', 'Mr. Puskar Khadka, Chairman', '9841646881', '0'),
	(5, 5, 'शेषनारायण', 'Ward No 5', 'xxxx', 'Mr. Shyam Bahadur Khatri', '9851109657', '0'),
	(6, 6, 'झम्केश्वरी', 'Ward No 6', 'xxxx', 'Mr. Shailesh Man Manandhar', '9841347499', '0'),
	(7, 7, 'गोपालेश्वर', 'Ward No 7', 'xxxx', 'Mr. Hari Prasad Timalsina', '9851196065', '0'),
	(8, 8, 'छैमले', 'Ward No 8', 'xxxx', 'Mr. Yosh Kumar Waiba', '9851078269', '0'),
	(9, 9, 'टल्कु', 'Ward No 9', 'xxxx', 'Mr. Amrika Balami', '9851018434', '0');


	INSERT INTO `favourite_place_type` (`type_id`, `place_type_nep`, `place_type_eng`) VALUES
	(1, 'मन्दिर', 'Temple'),
	(2, 'पार्क', 'Park'),
	(3, 'पोखरी', 'Pond'),
	(4, 'इनार/ पँधेरी', 'well/watches'),
	(5, 'स्तुपा/मूति', 'Statue'),
	(6, 'विद्यालय', 'School'),
	(7, 'संघ/संस्था', 'Organization'),
	(8, 'गुँठी', 'Guthi'),
	(9, 'अन्य', 'Other');


	INSERT INTO `marital_status` (`marital_status_id`, `marital_status_nep`, `marital_status_eng`) VALUES
	(1, 'विवाहित', 'Married'),
	(2, 'अविवाहित', 'Single'),
	(3, 'एकल महिला', 'Single Woman'),
	(4, 'एकल पुरुष', 'Single Man');

	INSERT INTO `differently_abled` (`id`, `differently_abled_nep`, `differently_abled_eng`) VALUES
	(1, 'शारीरिक', 'Physical'),
	(2, 'दृष्टि सम्बन्धी', 'Sight related'),
	(3, 'सुनाइ सम्बन्धी', 'Hearing Related'),
	(4, 'स्वर/बोलाइ सम्बन्धी', 'Voice Related'),
	(5, 'मानसिक', 'Mental'),
	(6, 'बहुअपाङ्गता', 'Multiple Disabilities'),
	(7, 'छैन', 'No');

	INSERT INTO `educational_institute` (`id`, `educational_institute_nep`, `educational_institute_eng`) VALUES
	(1, 'सामूदायिक/सरकारी', 'Community/Government'),
	(2, 'संस्थागत', 'Institutional'),
	(3, 'निजी', 'Private'),
	(4, 'छैन', 'No');

	INSERT INTO `health_status` (`id`, `health_status_nep`, `health_status_eng`) VALUES
	(1, 'मुटु रोग', 'Heart Disease'),
	(2, 'दम/श्वासप्रश्वास', 'Asthama/Respiratory'),
	(3, 'क्यान्सर', 'Cancer'),
	(4, 'मधुमेह (डायवेटिज)', 'Diabetes'),
	(5, 'मृगौला/कलेजोको रोग', 'Kidney/Liver Disease'),
	(6, 'स्त्री रोग', 'Gynecological Disease'),
	(7, 'अल्सर/आन्द्राको रोग', 'Ulcer/Intestinal Disease'),
	(8, 'उच्च/निम्न रक्तचाप', 'High/Low Blood Pressure'),
	(9, 'वाथ/इपिलेप्सी/पार्किन्सन', 'Voth/Epilepsy/Parkinson\'s'),
	(10, 'सू/अल्काइमर्स', 'Soo/Alzheimer\'s'),
	(11, 'अन्य दीर्घरोग', 'Other Chronic Diseases'),
	(12, 'सामान्य अवस्था', 'Normal Condition');

	INSERT INTO `occupation` (`id`, `occupation_nep`, `occupation_eng`) VALUES
	(1, 'रोजगार (निजी/सरकारी)', 'Employment (Private/Government)'),
	(2, 'व्यापार', 'Business'),
	(3, 'घरयासी', 'Homemaker'),
	(4, 'कृषी', 'Agriculture'),
	(5, 'अध्ययन', 'Studies'),
	(6, 'वैदेशिक रोजगार', 'Foreign Employment'),
	(7, 'परामर्शकर्ता', 'Consultant'),
	(8, 'छैन', 'No');


INSERT INTO `sifaris_report` (`form_id`, `form_title`, `unverified`,`stamped`,`registered`,`processed`,`verified`, `total`) VALUES
	(1, 'जन्म दर्ता', 0, 0, 0, 0, 0, 0),
	(2, 'जिवित सँगको नाता प्रमाणित', 0, 0, 0, 0, 0, 0),
	(3, 'मृतक सँगको नाता प्रमाणित', 0, 0, 0, 0, 0, 0),
	(4, 'विवाह दर्ता', 0, 0, 0, 0, 0, 0),
	(5, 'मृत्यु दर्ता', 0, 0, 0, 0, 0, 0),
	(6, 'सम्बन्ध विच्छेद दर्ता', 0, 0, 0, 0, 0, 0),
	(7, 'अपाङ्ग सिफारिस', 0, 0, 0, 0, 0, 0),
	(8, 'विवाह प्रमाणित', 0, 0, 0, 0, 0, 0),
    (9, "विजिवित रहेको सिफारिस", 0, 0, 0, 0, 0, 0),
    (10, "विपन्न विद्यार्थी छात्रबृत्ति सिफारिस", 0, 0, 0, 0, 0, 0),
    (11, "छात्रबृत्ति सिफारिस ", 0, 0, 0, 0, 0, 0),
    (12, "जन्म मिति प्रमाणित", 0, 0, 0, 0, 0, 0),
    (13, "स्थायी बसोबास सिफारिस", 0, 0, 0, 0, 0, 0),
    (14, "धारा जडान सिफारिस", 0, 0, 0, 0, 0, 0),
    (15, "जग्गा रेखांकनको कार्य/सो कार्यमा रोहबर ", 0, 0, 0, 0, 0, 0),
    (16, "घर कायम सिफारिस", 0, 0, 0, 0, 0, 0),
    (17, "आर्थिक अवस्था कमजोर वा विपन्नता प्रमाणित", 0, 0, 0, 0, 0, 0),
    (18, "अंग्रेजी सिफारिस तथा प्रमाणित", 0, 0, 0, 0, 0, 0),
    (19, "कागज/मञ्जुरीनामा प्रमाणित", 0, 0, 0, 0, 0, 0),
    (20, "घर पाताल प्रमाणित", 0, 0, 0, 0, 0, 0),
    (21, "विद्युत जडान सिफारिस", 0, 0, 0, 0, 0, 0),
    (22, "दुवै नाम गरेको ब्यक्ति एकै हो भन्ने सिफारिस", 0, 0, 0, 0, 0, 0),
    (23, "ब्यवसाय सञ्चालन नभएको सिफारिस", 0, 0, 0, 0, 0, 0),
    (24, "जग्गा धनीपूर्जा हराएको सिफारिस", 0, 0, 0, 0, 0, 0),
    (25, "कोठा खोल्न कार्य/रोहबरमा बस्ने कार्य", 0, 0, 0, 0, 0, 0),
    (26, "नेपाल सरकारको नाममा बाटो कायम सिफारिस", 0, 0, 0, 0, 0, 0),
	(27, 'संरक्षक सिफारिस (ब्यक्तिगत)', 0, 0, 0, 0, 0, 0),
	(28, 'संरक्षक सिफारिस (संस्थागत)', 0, 0, 0, 0, 0, 0),
	(29, 'ब्यक्तिगत विवरण सिफारिस', 0, 0, 0, 0, 0, 0),
	(30, 'विद्यालय ठाउंसारी सिफारिस', 0, 0, 0, 0, 0, 0),
	(31, 'उद्योग ठाउंसारी सिफारिस', 0, 0, 0, 0, 0, 0),
	(32, 'मोही लगत कट्टा सिफारिस', 0, 0, 0, 0, 0, 0),
	(33, 'घर जग्गा नामसारी सिफारिस', 0, 0, 0, 0, 0, 0),
	(34, 'घर बाटो प्रमाणित', 0, 0, 0, 0, 0, 0),
	(35, 'मालपोत वा भूमीकर', 0, 0, 0, 0, 0, 0),
	(36, 'विज्ञापन कर', 0, 0, 0, 0, 0, 0),
	(37, 'मिलापत्र कागज / उजुरी दर्ता ', 0, 0, 0, 0, 0, 0),
	(38, 'चार किल्ला प्रमाणित', 0, 0, 0, 0, 0, 0),
    (39, 'संस्था दर्ता सिफारिस', 0, 0, 0, 0, 0, 0),
	(40, 'निःशुल्क वा सःशुल्क स्वास्थ्य उपचार सिफारिस', 0, 0, 0, 0, 0, 0),
	(41, 'विद्यालय सञ्चालन स्वीकृत/कक्षा बृद्धि सिफारिस ', 0, 0, 0, 0, 0, 0),
	(42, 'अस्थाई बसोबास सिफारिस', 0, 0, 0, 0, 0, 0),
	(43, 'कोर्ट फि मिनाहा सिफारिस', 0, 0, 0, 0, 0, 0),
	(44, 'ब्यवसाय बन्द सिफारिस', 0, 0, 0, 0, 0, 0),
	(45, 'अंगिकृत नागरिकता', 0, 0, 0, 0, 0, 0),
	(46, 'नागरिकता र प्रतिलिपि सिफारिस', 0, 0, 0, 0, 0, 0),
	(47, 'आन्तरिक बसाई सराई सिफारिस', 0, 0, 0, 0, 0, 0),
	(48, 'ब्यवसाय दर्ता सिफारिस', 0, 0, 0, 0, 0, 0),
	(49, 'चौपाय सम्वन्धी सिफारिस', 0, 0, 0, 0, 0, 0),
	(50, 'अन्य कार्यालयको माग अनुसार विवरण खुलाई पठाउने कार्य', 0, 0, 0, 0, 0, 0);

INSERT INTO status_level (type_id, type_name) VALUES (1, 'UNVERIFIED');
INSERT INTO status_level (type_id, type_name) VALUES (2, 'STAMPED');
INSERT INTO status_level (type_id, type_name) VALUES (3, 'REGISTERED');
INSERT INTO status_level (type_id, type_name) VALUES (4, 'PROCESSED');
INSERT INTO status_level (type_id, type_name) VALUES (5, 'VERIFIED');
INSERT INTO status_level (type_id, type_name) VALUES (6, 'PRINT');

INSERT INTO ipalika_v3.standard_log (form_id, token_id, status_2_by, status_2_in,status_3_by, status_3_in, status_4_by, status_4_in, status_5_by, status_5_in, status_6_by, status_6_in) VALUES
(1,'LMC20220212123',"suraj","2022-12-23","suraj","2022-12-23","suraj","2022-12-23","suraj","2022-12-23","suraj","2022-12-23"),
(1,'LMC20220212321456',"joshi","2022-12-23","joshi","2022-12-23","joshi","2022-12-23","joshi","2022-12-23","joshi","2022-12-23");

INSERT INTO `user` (`id`, `full_name`, `username`, `email`, `password`, `mobile_number`, `locked`, `first_login`, `enabled`, `expired`, `registered_date`, `ward_no`, `signature`, `stamp`) VALUES
	(1, 'Super Admin', 'adminsuper', 'adminsuper@gmail.com', '$2a$11$H9wDLxAPTX5qp0doFKank.w6vgB7xPo1CJojH2AC0ovBY4Iu31oTS', '9849931288', b'0', b'0', b'1', b'0', '2022-07-19 03:12:01', 0,'',''),
	(2, 'Central Admin', 'admincentral', 'admincentral@gmail.com', '$2a$11$H9wDLxAPTX5qp0doFKank.w6vgB7xPo1CJojH2AC0ovBY4Iu31oTS', '9849399058', b'0', b'0', b'1', b'0', '2022-07-19 03:12:01', 0,'',''),
	(3, 'Ward Admin', 'adminward', 'adminward@admin.com', '$2a$11$H9wDLxAPTX5qp0doFKank.w6vgB7xPo1CJojH2AC0ovBY4Iu31oTS', '9841000000', b'0', b'0', b'1', b'0', '2022-07-19 03:12:01', 1,'',''),
	(4, 'Surveyor Demo', 'surveyourdemo', 'surveyordemo@admin.com', '$2a$11$H9wDLxAPTX5qp0doFKank.w6vgB7xPo1CJojH2AC0ovBY4Iu31oTS', '9841000001', b'0', b'0', b'1', b'0', '2022-07-19 03:12:01', 1,'',''),
	(5, 'Manoj', 'mrokka', 'mrokka@gmail.com', '$2a$11$yhWjGh1q36nIylkYWfBr4uH9i9if8JyORwfBRtgtaWdt0r0HkHk6.', '9841984307', b'0', b'0', b'1', b'0', '2022-07-22 15:25:06', 1,'',''),
	(6, 'Asmita', 'asmita', 'asmita@gmail.com', '$2a$11$dWpQ/IW71m9ynvpyxuEkf.jA7eJquvb4lelCmQ6wv5E5/NvoXRvRK', '9841984305', b'0', b'0', b'1', b'0', '2022-07-18 23:18:29', 1,'',''),
	(7, 'Sajan Nagarkoti', 'datacollector1', 'nagarkotisajan3@gmail.com', '$2a$11$074BFLVDZCbH3oDUqNxlPeTXtyi/9y.X6i021TIbnL4EUTi2c9fvS', '9849555895', b'0', b'0', b'1', b'0', '2022-07-24 23:26:08', 1,'',''),
	(8, 'Salon Khadka', 'datacollector2', 'saalonkhadka@gmail.com', '$2a$11$UJI5OEBMqDek1yeFQqjQWOfK7zvM2Acds7DGFLaMT0Rs97UdrRtOW', '9849963966', b'0', b'0', b'1', b'0', '2022-07-24 23:29:00', 1,'',''),
	(9, 'Anisha Dudraj', 'datacollector3', 'anishagataraj@gmail.com', '$2a$11$70BiyYOlr4WS...U/0x7V.W3qphsDAezzjpedtvVvuA1kgF8LYgFe', '9823765247', b'0', b'0', b'1', b'0', '2022-07-24 23:31:06', 1,'',''),
	(10, 'Pranish Thapa', 'datacollector4', 'pranisht702@gmail.com', '$2a$11$/T1GC8btw2Xf5IVdLJM9mOgjoqGrvyo5aoJU3aeLRbKOhZ64Z5wqW', '9808295190', b'0', b'0', b'1', b'0', '2022-07-24 23:34:38', 2,'',''),
	(11, 'Mandira Budathoki', 'datacollector5', 'kmandira2044@gmail.com', '$2a$11$uwmYwPecAGue7HeY3MCxIuq9Nt1rdcjesHEV5iHy/yhL6ohHpYDWq', '9841680060', b'0', b'0', b'1', b'0', '2022-07-24 23:37:03', 2,'',''),
	(12, 'Renu KC', 'datacollector6', 'renukc252@gmail.com', '$2a$11$PGbOzH26DSR5SbR0vmicm.XDyJtE/JiLE2GMnPTi3ISutSkEh0ab.', '9843084202', b'0', b'0', b'1', b'0', '2022-07-24 23:40:08', 3,'',''),
	(13, 'Bhawana Adhikari', 'datacollector7', 'bhawanaadhikari@gmail.com', '$2a$11$PIsswKxP8E18s992TIAAV.PQLlxsbhJNDz2FtJ2dBdlZNtMTWXGEG', '9803461065', b'0', b'0', b'1', b'0', '2022-07-24 23:42:31', 3,'',''),
	(14, 'Anish Tamang', 'datacollector8', 'anishtamang247@gmail.com', '$2a$11$ZF6tWxjRRultAyaIJ4XVJuJaE6FDKdQecZh6ILtd6VSZXUhv5YEIC', '9801014802', b'0', b'0', b'1', b'0', '2022-07-24 23:44:26', 4,'',''),
	(15, 'Mithun Tamang', 'datacollector9', 'lamasamir929@gmail.com', '$2a$11$j3v0pnWajmANy.ZPLJjoXehJeyyhKD/Xa9pI2Ha7qPJMWGBIhv7ma', '9869218408', b'0', b'0', b'1', b'0', '2022-07-24 23:47:57', 4,'',''),
	(16, 'Subakshya Bhujel', 'datacollector10', 'subekshyabhujel973@gmail.com', '$2a$11$kacU/A8CktzuOxZYkJFBv.OD.5lH3H9/QF3mQRV4SyeNl4yj92XRW', '9828025077', b'0', b'0', b'1', b'0', '2022-07-24 23:51:04', 5,'',''),
	(17, 'Shwokita Dudhraj', 'datacollector11', 'swastikadudraj2@gmail.com', '$2a$11$0hysd.dH5/Yz6.k94Zji5eUFabPtknHFlIZ62o3df24RQy/Da7yTy', '9818412796', b'0', b'0', b'1', b'0', '2022-07-25 22:15:38', 5,'',''),
	(18, 'Sowyamvu Raj Dangol', 'buddhird', 'info@nepalayaonline.com', '$2a$11$YfisfgYxY5YxqWEtSC9rdeyBLeSQX9wlFM2NvyJ250aE1QFEz3dJy', '9841209831', b'0', b'0', b'1', b'0', '2022-07-25 00:06:16', 9,'',''),
	(19, 'Raju Shrestha', 'datacollector13', 'sachi1989batas@gmail.com', '$2a$11$UxHqA5irUGuWqiNE4oyocuniXbkwmxynxERgd72FYQdp5GlXd.qnG', '9841186904', b'0', b'0', b'1', b'0', '2022-07-25 00:25:10', 6,'',''),
	(20, 'Salon Man Shrestha', 'datacollector14', 'shresthasaalon80@gmail.com', '$2a$11$UiY0FlBGs4fxEUIzCCN/BOunphw2XBZa4au6V6WALWqQB8eP5plJ6', '9803376809', b'0', b'0', b'1', b'0', '2022-07-25 00:28:38', 6,'',''),
	(21, 'Susan Balami', 'datacollector15', 'balamisusan111@gmail.com', '$2a$11$hJXnhwFuAFdl72Gk/ULch.WHnSIpYHKZz3MDBv8pthcDv.ysU.KJe', '9840058676', b'0', b'0', b'1', b'0', '2022-07-25 00:31:02', 6,'',''),
	(22, 'Sangita Bhattrai', 'datacollector16', 'aryalsangita@gmail.com', '$2a$11$WMrpyp8c6NO87gdL0slu0et8CV/Nc/udXSR4AX2SBmnwXa4Z3mu3m', '9866884824', b'0', b'0', b'1', b'0', '2022-07-25 00:33:34', 7,'',''),
	(23, 'Anjana Tamang', 'datacollector17', 'anjanatamang188@gmail.com', '$2a$11$yYMIOyBhAyX8yCibPn966eO62n6AYtmjLyogHuvv.mpF1gJxX.5Gy', '9813034815', b'0', b'0', b'1', b'0', '2022-07-25 00:36:05', 7,'',''),
	(24, 'Saraswoti Ghising', 'datacollector18', 'ghising.saraswoti49@gmail.com', '$2a$11$pkBuGXVq3IXltGm1kpUZSO.H/x4j7mcPfqF3CxbllmiU1/TARhc7.', '9862733092', b'0', b'0', b'1', b'0', '2022-07-25 00:38:10', 8,'',''),
	(25, 'Santi Ghising', 'datacollector19', 'shantigt912@gmail.com', '$2a$11$AiWK6l4UUPnMIAX.hccVne5JTXoQerusEFiHjl1CCBYPgcPiFKeHC', '9840097912', b'0', b'0', b'1', b'0', '2022-07-25 00:40:05', 8,'',''),
	(26, 'Prajwol Rai', 'datacollector20', 'raiprajwol123654@gmail.com', '$2a$11$TnuHRSFSMMJwA.ypiNKAZeDBVYyc7B2dSqt1qsHpJguZu3IuNYLGS', '9860301369', b'0', b'0', b'1', b'0', '2022-07-25 00:42:48', 8,'',''),
	(27, 'Sajan Pudasaini ', 'datacollector21', 'pusasainisajan86@gmail.com', '$2a$11$v4OnjL0DeY4Pd5d9FmSPX.UZt3k8g1xb4vMwIqv7R02Oe7FbMz4aa', '9860969566', b'0', b'0', b'1', b'0', '2022-07-25 00:46:47', 8,'',''),
	(28, 'Umesh Tamang', 'datacollector22', 'umeshtamangw98@gmail.com', '$2a$11$4ujT7l.Xu3BrYQ9C8Mi0t.AncG7ZO.J9DbaqimWGy3PBobDq6N64W', '9741429266', b'0', b'0', b'1', b'0', '2022-07-25 00:48:33', 9,'',''),
	(29, 'Usha Lama', 'datacollector23', 'uklaningtamang188@gmail.com', '$2a$11$ieasWgG7XLGvtX0g19ZjRuRIkMMn5UQxQQK9ojO2/1DKwEoCXe176', '9860140132', b'0', b'0', b'1', b'0', '2022-07-25 00:50:55', 9,'',''),
	(30, 'Bal Krishna Raila', 'datacollector24', 'railabal@gmail.com', '$2a$11$vfYYrOrZpYj6gsnVNNQcYOVaUdDMFEVg8mHajUPGSBrMcu4puDZN2', '9840449681', b'0', b'0', b'1', b'0', '2022-07-25 00:52:34', 9,'',''),
	(31, 'Bhawana Gurung', 'datacollector25', 'bhawanagrg87@gmail.com', '$2a$11$GH8F2ah76w5vhr1utVV.pecdHyCJnWRRoddVTSybN..DSK4JwpYYy', '9861344384', b'0', b'0', b'1', b'0', '2022-07-25 00:54:53', 9,'',''),
	(32, 'Ashmita Basnet', 'datacollector26', 'ashmita20056@gmail.com', '$2a$11$P7puTxKWK1I8HIwVaBWeh.lFxL4XaqLkCjO71c5nyCaf33najGsfy', '9840449602', b'0', b'0', b'1', b'0', '2022-07-25 00:58:26', 9,'',''),
	(33, 'Sajana Ghatani', 'datacollector12', 'ghtshanti1@gmail.com', '$2a$11$P7puTxKWK1I8HIwVaBWeh.lFxL4XaqLkCjO71c5nyCaf33najGsfy', '9818284372', b'0', b'0', b'1', b'0', '2022-07-25 22:15:59', 5,'',''),
	(34, 'Umesh Bhujel', 'yoomes', 'yoomesbhujel@gmail.com', '$2a$11$H9wDLxAPTX5qp0doFKank.w6vgB7xPo1CJojH2AC0ovBY4Iu31oTS', '93144288', 0, 0, 1, 0, CURRENT_TIMESTAMP(), 0,'',''),
    (35, 'Pujan KC', 'pujanov', 'pujanov69@gmail.com', '$2a$11$H9wDLxAPTX5qp0doFKank.w6vgB7xPo1CJojH2AC0ovBY4Iu31oTS', '989399058', 0, 0, 1, 0, CURRENT_TIMESTAMP(), 1,'',''),
    (36, 'Demo SuperAdmin', 'demosuperadmin', 'demosuperadmin@gmail.com', '$2a$11$H9wDLxAPTX5qp0doFKank.w6vgB7xPo1CJojH2AC0ovBY4Iu31oTS', '9849399051', 0, 0, 1, 0, CURRENT_TIMESTAMP(), 0,'',''),
    (37, 'Demo CentralAdmin', 'democentraladmin', 'democentraladmin@gmail.com', '$2a$11$H9wDLxAPTX5qp0doFKank.w6vgB7xPo1CJojH2AC0ovBY4Iu31oTS', '9849399052', 0, 0, 1, 0, CURRENT_TIMESTAMP(), 1,'',''),
    (38, 'Demo WardAdmin', 'demowardadmin', 'demowardadmin@gmail.com', '$2a$11$H9wDLxAPTX5qp0doFKank.w6vgB7xPo1CJojH2AC0ovBY4Iu31oTS', '9849399053', 0, 0, 1, 0, CURRENT_TIMESTAMP(), 1,'sign.png','stamp.png'),
    (39, 'Demo Surveyor', 'demosurveyor', 'demosurveyor@gmail.com', '$2a$11$H9wDLxAPTX5qp0doFKank.w6vgB7xPo1CJojH2AC0ovBY4Iu31oTS', '9849399054', 0, 0, 1, 0, CURRENT_TIMESTAMP(), 1,'',''),
    (40, 'Demo WardSecretary', 'demowardsecretary', 'demowardsecretary@gmail.com', '$2a$11$H9wDLxAPTX5qp0doFKank.w6vgB7xPo1CJojH2AC0ovBY4Iu31oTS', '9849399055', 0, 0, 1, 0, CURRENT_TIMESTAMP(), 1,'',''),
    (41, 'Demo Registrar', 'demoregistrar', 'demoregistrar@gmail.com', '$2a$11$H9wDLxAPTX5qp0doFKank.w6vgB7xPo1CJojH2AC0ovBY4Iu31oTS', '9849399056', 0, 0, 1, 0, CURRENT_TIMESTAMP(), 1,'',''),
    (42, 'Demo Printer', 'demoprinter', 'demoprinter@gmail.com', '$2a$11$H9wDLxAPTX5qp0doFKank.w6vgB7xPo1CJojH2AC0ovBY4Iu31oTS', '9849399059', 0, 0, 1, 0, CURRENT_TIMESTAMP(), 1,'','');


INSERT INTO `role` (`id`, `role`, `role_nepali`) VALUES
	    (1, 'SUPER_ADMIN','सुपर एडमिन' ),
        (2, 'CENTRAL_ADMIN', 'केन्द्रिय एडमिन'),
    	(3, 'WARD_ADMIN', 'वडा एडमिन'),
    	(4, 'SURVEYOR', 'तथ्यांक संकलक'),
    	(5, 'WARD_SECRETARY', 'वडा सचिव'),
    	(6, 'REGISTRAR', 'रजिस्ट्रार'),
    	(7, 'PRINTER', 'प्रिन्टर'),
    	(8, 'NORMAL', 'साधारण');



INSERT INTO `user_role` (`user_id`, `role_id`) VALUES
	(1, 1),
	(2, 2),
	(3, 3),
	(4, 4),
	(5, 4),
	(6, 4),
	(7, 4),
	(8, 4),
	(9, 4),
	(10, 4),
	(11, 4),
	(12, 4),
	(13, 4),
	(14, 4),
	(15, 4),
	(16, 4),
	(17, 4),
	(18, 4),
	(19, 4),
	(20, 4),
	(21, 4),
	(22, 4),
	(23, 4),
	(24, 4),
	(25, 4),
	(26, 4),
	(27, 4),
	(28, 4),
	(29, 4),
	(30, 4),
	(31, 4),
	(32, 4),
	(33, 4),
	(34, 4),
	(35, 4),
	(36, 1),
	(37, 2),
	(38, 3),
	(39, 4),
	(40, 5),
	(41, 6),
	(42, 7);





INSERT INTO `ipalika_v3`.`question_type` (`type_id`, `type_name`) VALUES ('1', 'CHECKBOX');
INSERT INTO `ipalika_v3`.`question_type` (`type_id`, `type_name`) VALUES ('2', 'RADIO');
INSERT INTO `ipalika_v3`.`question_type` (`type_id`, `type_name`) VALUES ('3', 'TEXT');
INSERT INTO `ipalika_v3`.`question_type` (`type_id`, `type_name`) VALUES ('4', 'NUMBER');
INSERT INTO `ipalika_v3`.`question_type` (`type_id`, `type_name`) VALUES ('5', 'DATE');
INSERT INTO `ipalika_v3`.`question_type` (`type_id`, `type_name`) VALUES ('6', 'GPS');
INSERT INTO `ipalika_v3`.`question_type` (`type_id`, `type_name`) VALUES ('7', 'IMAGE');
INSERT INTO `ipalika_v3`.`question_type` (`type_id`, `type_name`) VALUES ('8', 'MULTI_TEXT');
INSERT INTO `ipalika_v3`.`question_type` (`type_id`, `type_name`) VALUES ('9', 'RADIO_D');
INSERT INTO `ipalika_v3`.`question_type` (`type_id`, `type_name`) VALUES ('10', 'RATING_M');
INSERT INTO `ipalika_v3`.`question_type` (`type_id`, `type_name`) VALUES ('11', 'RATING');
INSERT INTO `ipalika_v3`.`question_type` (`type_id`, `type_name`) VALUES ('12', 'CHECKBOX_N');
INSERT INTO `ipalika_v3`.`question_type` (`type_id`, `type_name`) VALUES ('13', 'DROPDOWN');
INSERT INTO `ipalika_v3`.`question_type` (`type_id`, `type_name`) VALUES ('14', 'DISTRICT');
INSERT INTO `ipalika_v3`.`question_type` (`type_id`, `type_name`) VALUES ('15', 'RADIO_M');
INSERT INTO `ipalika_v3`.`question_type` (`type_id`, `type_name`) VALUES ('16', 'EMAIL');
INSERT INTO `ipalika_v3`.`question_type` (`type_id`, `type_name`) VALUES ('17', 'PROVINCE');
INSERT INTO `ipalika_v3`.`question_type` (`type_id`, `type_name`) VALUES ('18', 'DISTRICT');
INSERT INTO `ipalika_v3`.`question_type` (`type_id`, `type_name`) VALUES ('19', 'MUNICIPALITY');
INSERT INTO `ipalika_v3`.`question_type` (`type_id`, `type_name`) VALUES ('20', 'WARD');
INSERT INTO `ipalika_v3`.`question_type` (`type_id`, `type_name`) VALUES ('21', 'TOLE');





INSERT INTO `forms_table` (`form_id`,`form_name`, `form_label`, `form_database_table`)
VALUES

('21','electricity','electricity ko form', 'egovernance_electricity_connection'),
('20','ghar_patal','घर पाताल प्रमाणित', 'egovernance_ghar_patal'),
('14','water connection','धारा जडान सिफारिस', 'egovernance_water_connection');




INSERT INTO forms_details (id, form_id, element_id,element_name, element_type, is_required, fillable_by_system) VALUES
(1, 21, 1, 'उजुरी कर्ता को  नाम ', 3, 1,0),
(2, 21, 2, 'इमेल ', 16, 1,0),
(3, 21, 3, 'फोन ', 4, 1,0),
(4, 21, 101, 'प्रदेश को नाम', 17, 1,0),
(5, 21, 102, 'जीला', 18, 1,0),
(6, 21, 103, 'नगरपालिका', 19, 1,0),
(7, 21, 104, 'वार्ड नामे ', 20, 1,0),
(8, 21, 105, 'टोल', 21, 0,0),
(9, 21, 4, 'उजुरी कर्ता को फोटो ', 7, 1,0),
(10, 21, 5, 'उजुरी कर्ता को नागरिकता फोटो ', 7, 1,0),
(11, 21, 6, 'जग्गा धनि पुर्जा ', 7, 0,0),
(12, 21, 7, 'नाक्साको फोटो ', 7, 0,0),
(13, 21, 8, 'नक्शा पास गरेको प्रमाण ', 7, 0,0),
(14, 21, 9, 'राज्शो  तिरे  को  रसीद ', 7, 0,0),
(15, 21, 10, 'अन्य कागज 1', 7, 0,0),
(16, 21, 11, 'अन्य कागज 2', 7, 0,0),
(17, 21, 12, 'अन्य कागज 3', 7, 0,0),

(18, 14, 1, 'उजुरी कर्ता को  नाम ', 3, 1,0),
(19, 14, 2, 'इमेल ', 16, 1,0),
(20, 14, 3, 'फोन ', 4, 1,0),
(21, 14, 101, 'प्रदेश को नाम', 17, 1,0),
(22, 14, 102, 'जीला', 18, 1,0),
(23, 14, 103, 'नगरपालिका', 19, 1,0),
(24, 14, 104, 'वार्ड नामे ', 20, 1,0),
(25, 14, 105, 'टोल', 21, 0,0),
(26, 14, 4, 'उजुरी कर्ता को फोटो ', 7, 1,0),
(27, 14, 5, 'उजुरी कर्ता को नागरिकता फोटो ', 7, 1,0),
(28, 14, 6, 'जग्गा धनि पुर्जा ', 7, 0,0),
(29, 14, 7, 'नाक्साको फोटो ', 7, 0,0),
(30, 14, 9, 'राज्शो  तिरे  को  रसीद ', 7, 0,0),


(31, 20, 1, 'उजुरी कर्ता को  नाम ', 3, 1,0),
(32, 20, 2, 'इमेल ', 16, 1,0),
(33, 20, 3, 'फोन ', 4, 1,0),
(34, 20, 101, 'प्रदेश को नाम', 17, 1,0),
(35, 20, 102, 'जीला', 18, 1,0),
(36, 20, 103, 'नगरपालिका', 19, 1,0),
(37, 20, 104, 'वार्ड नामे ', 20, 1,0),
(38, 20, 105, 'टोल', 21, 0,0),
(39, 20, 4, 'उजुरी कर्ता को फोटो ', 7, 1,0),
(40, 20, 5, 'उजुरी कर्ता को नागरिकता फोटो ', 7, 1,0),
(41, 20, 6, 'जग्गा धनि पुर्जा ', 7, 0,0),
(42, 20, 7, 'house map ', 7, 1,0),
(43, 20, 8, 'नाक्साको फोटो ', 7, 1,0),
(44, 20, 9, 'राज्शो  तिरे  को  रसीद ', 7, 0,0),
(45, 20, 10, 'sarjaminmuchulka', 7, 0,0);







INSERT INTO `lg_districts` (`district_id`, `district_name`, `province_id`, `disabled`, `district_name_nep`) VALUES (1, 'Achham', 7, b'0', 'अछाम'),
 (2, 'Arghakhanchi', 5, b'0', 'अर्घाखाँची'),
 (3, 'Baglung', 4, b'0', 'बागलुङ'),
 (4, 'Baitadi', 7, b'0', 'बैतडी'),
 (5, 'Bajhang', 7, b'0', 'बझाङ'),
 (6, 'Bajura', 7, b'0', 'बाजुरा '),
 (7, 'Banke', 5, b'0', 'बाँके'),
 (8, 'Bara', 2, b'0', 'बारा'),
 (9, 'Bardiya', 5, b'0', 'बर्दिया'),
 (10, 'Bhaktapur', 3, b'0', 'भक्तपुर'),
 (11, 'Bhojpur', 1, b'0', 'भोजपुर'),
 (12, 'Chitwan', 3, b'0', 'चितवन'),
 (13, 'Dadeldhura', 2, b'0', 'डडेलधुरा'),
 (14, 'Dailekh', 6, b'0', 'दैलेख'),
 (15, 'Dang Deukhuri', 5, b'0', 'दाङ देउखुरी'),
 (16, 'Darchula', 7, b'0', 'दार्चुला'),
 (17, 'Dhading', 3, b'0', 'धादिङ '),
 (18, 'Dhankuta', 1, b'0', 'धनकुटा'),
 (19, 'Dhanusa', 2, b'0', 'धनुषा'),
 (20, 'Dolakha', 3, b'0', 'दोलखा'),
 (21, 'Dolpa', 6, b'0', 'डोल्पा'),
 (22, 'Doti', 7, b'0', 'डोटी'),
 (23, 'Gorkha', 4, b'0', 'गोरखा'),
 (24, 'Gulmi', 5, b'0', 'गुल्मी'),
 (25, 'Humla', 6, b'0', 'हुम्ला'),
 (26, 'Ilam', 1, b'0', 'इलाम'),
 (27, 'Jajarkot', 6, b'0', 'जाजरकोट'),
 (28, 'Jhapa', 1, b'0', 'झापा'),
 (29, 'Jumla', 6, b'0', 'जुम्ला'),
 (30, 'Kailali', 7, b'0', 'कैलाली'),
 (31, 'Kalikot', 6, b'0', 'कालिकोट'),
 (32, 'Kanchanpur', 7, b'0', 'कंचनपुर '),
 (33, 'Kapilvastu', 5, b'0', 'कपिलवस्तु '),
 (34, 'Kaski', 4, b'0', 'कास्की'),
 (35, 'Kathmandu', 3, b'0', 'काठमाडौँ'),
 (36, 'Kavrepalanchok', 3, b'0', 'काभ्रेकाभ्रेपलान्चोक'),
 (37, 'Khotang', 1, b'0', 'खोटाँग'),
 (38, 'Lalitpur', 3, b'0', 'ललितपुर'),
 (39, 'Lamjung', 4, b'0', 'लमजुङ'),
 (40, 'Mahottari', 2, b'0', 'महोत्तरी'),
 (41, 'Makwanpur', 3, b'0', 'मकवानपुर'),
 (42, 'Manang', 4, b'0', 'मनाङ'),
 (43, 'Morang', 1, b'0', 'मोरंग'),
 (44, 'Mugu', 6, b'0', 'मुगु'),
 (45, 'Mustang', 4, b'0', 'मुस्ताङ'),
 (46, 'Myagdi', 4, b'0', 'म्याग्दी'),
 (47, 'Nawalparasi East', 4, b'0', 'नवलपरासी पूर्व'),
 (48, 'Nawalparasi West', 5, b'0', 'नवलपरासी पूर्व'),
 (49, 'Nuwakot', 3, b'0', 'नुवाकोट'),
 (50, 'Okhaldhunga', 1, b'0', 'ओखलढुंगा'),
 (51, 'Palpa', 5, b'0', 'पाल्पा'),
 (52, 'Panchthar', 1, b'0', 'पांचथर'),
 (53, 'Parbat', 4, b'0', 'पर्वत'),
 (54, 'Parsa', 2, b'0', 'पर्सा'),
 (55, 'Pyuthan', 5, b'0', 'प्युठान'),
 (56, 'Ramechhap', 3, b'0', 'रामेछाप'),
 (57, 'Rasuwa', 3, b'0', 'रसुवा'),
 (58, 'Rautahat', 2, b'0', 'रौतहट'),
 (59, 'Rolpa', 5, b'0', 'रोल्पा'),
 (60, 'Rukum East', 5, b'0', 'रूकुम पूर्वी'),
 (61, 'Rukum West', 6, b'0', 'रूकुम पश्चिम'),
 (62, 'Rupandehi', 5, b'0', 'रुपन्देही'),
 (63, 'Salyan', 6, b'0', 'सल्यान '),
 (64, 'Sankhuwasabha', 1, b'0', 'संखुवासभा'),
 (65, 'Saptari', 2, b'0', 'सप्तरी'),
 (66, 'Sarlahi', 2, b'0', 'सर्लाही'),
 (67, 'Sindhuli', 3, b'0', 'सिन्धुली'),
 (68, 'Sindhupalchok', 3, b'0', 'सिन्धुपाल्चोक'),
 (69, 'Siraha', 2, b'0', 'सिराहा'),
 (70, 'Solukhumbu', 1, b'0', 'सोलुखुम्बू'),
 (71, 'Sunsari', 1, b'0', 'सुनसरी'),
 (72, 'Surkhet', 6, b'0', 'सुर्खेत'),
 (73, 'Syangja', 4, b'0', 'स्याङग्जा'),
 (74, 'Tanahu', 4, b'0', 'तनहुँ'),
 (75, 'Taplejung', 1, b'0', 'ताप्लेजुंग'),
 (76, 'Tehrathum', 1, b'0', 'तेह्रथुम'),
 (77, 'Udayapur', 1, b'0', 'उदयपुर');


	-- Dumping data for table ipalika.lg_municipality: ~21 rows (approximately)
    /*!40000 ALTER TABLE `lg_municipality` DISABLE KEYS */;
    INSERT INTO `lg_municipality` (`municipality_id`, `municipality_name`, `municipality_name_nep`,`province_id`, `district_id`, `disabled`) VALUES
    	(1, 'Kathmandu Metropolitan City','काठमाडौँ  मेट्रोपोलिटन  सिटी ', 3, 35, b'0'),
    	(2, 'Budanilkantha Municipality', 'बुदनिल्कण्ठ  नगरपालिका ',3, 35, b'0'),
    	(3, 'Chandragiri Municipality','चन्द्रागिरी नगरपालिका', 3, 35, b'0'),
    	(4, 'Dakshinkali Municipality', 'दक्षिणकाली  नगरपालिका',3, 35, b'0'),
    	(5, 'Gokarneshwar Municipality','गोकर्णेश्वर  नगरपालिका ', 3, 35, b'0'),
    	(6, 'Kageshwari Manohara Municipality','कगेश्वारी  मनोहरा  नगरपालिका ', 3, 35, b'0'),
    	(7, 'Kirtipur Municipality','किर्तिपुर  नगरपालिका ', 3, 35, b'0'),
    	(8, 'Nagarjun Municipality','नागार्जुन  नगरपालिका ', 3, 35, b'0'),
    	(9, 'Shankharapur Municipality','शंखारापुर  नगरपालिका  ', 3, 35, b'0'),
    	(10, 'Tarakeshwar Municipality', 'तारकेश्वर  नगरपालिका ',3, 35, b'0'),
    	(11, 'Tokha Municipality',' टोखा  नगरपालिका ', 3, 35, b'0'),
    	(12, 'Lalitpur Metropolitan City','ललितपुर  मेट्रोपोलिटन  सिटी ', 3, 38, b'0'),
    	(13, 'Mahalaxmi Municipality',' महालक्ष्मी  नगरपालिका ', 3, 38, b'0'),
    	(14, 'Godawari Municipality', ' गोदावरी  नगरपालिका ',3, 38, b'0'),
    	(15, 'Konjyoson Rural Municipality',' कोंज्योसों नगरपालिका ', 3, 38, b'0'),
    	(16, 'Bagmati Rural Municipality', 'बागमती  रुलर   नगरपालिका ',3, 38, b'0'),
    	(17, 'Mahankal Rural Municipality','महांकाल  रुलर  नगरपालिका ', 3, 38, b'0'),
    	(18, 'Bhaktapur Municipality','भक्तपुर नगरपालिका ', 3, 10, b'0'),
    	(19, 'Changunarayan Municipality',' चाँगुनारायण नगरपालिका ' ,3, 10, b'0'),
    	(20, 'Madhyapur Thimi Municipality',' मध्यपुर  थिमी  नगरपालिका ', 3, 10, b'0'),
    	(21, 'Suryabinayak Municipality','सुर्यविनायक  नगरपालिका ', 3, 10, b'0');
    /*!40000 ALTER TABLE `lg_municipality` ENABLE KEYS */;



    -- Dumping data for table ipalika.lg_province: ~7 rows (approximately)
    /*!40000 ALTER TABLE `lg_province` DISABLE KEYS */;
    INSERT INTO `lg_province` (`province_id`, `province_name`, `province_name_nep`,`disabled`) VALUES
    	(1, 'Province No. 1','प्रदेश  1' ,b'0'),
    	(2, 'Province No. 2','प्रदेश  2', b'0'),
    	(3, 'Bagmati Province','बागमती प्रदेश', b'0'),
    	(4, 'Gandaki Province','गण्डकी प्रदेश ', b'0'),
    	(5, 'Lumbini Province','लुम्बिनी प्रदेश ', b'0'),
    	(6, 'Karnali Province','कर्णाली प्रदेश ',b'0'),
    	(7, 'Sudurpashchim Province','सुदुरपश्चिम प्रदेश ', b'0');
    /*!40000 ALTER TABLE `lg_province` ENABLE KEYS */;


    -- Dumping data for table ipalika.lg_ward: 247 rows
    /*!40000 ALTER TABLE `lg_ward` DISABLE KEYS */;
    INSERT INTO `lg_ward` (`ward_id`, `ward_description`, `municipality_id`, `disabled`) VALUES
    	(1, 'Ward 01 (Naxal)', 1, b'0'),
    	(2, 'Ward 02 (Lazimpat)', 1, b'0'),
    	(3, 'Ward 03 (Maharajgunj)', 1, b'0'),
    	(4, 'Ward 04 (Baluwatar)', 1, b'0'),
    	(5, 'Ward 05 (Hadigaun)', 1, b'0'),
    	(6, 'Ward 06 (Boudha)', 1, b'0'),
    	(7, 'Ward 07 (Mitrapark)', 1, b'0'),
    	(8, 'Ward 08 (Pashupati)', 1, b'0'),
    	(9, 'Ward 09 (Gaushala)', 1, b'0'),
    	(10, 'Ward 10 (Baneshwor)', 1, b'0'),
    	(11, 'Ward 11 (Tripureshwor)', 1, b'0'),
    	(12, 'Ward 12 (Teku) ', 1, b'0'),
    	(13, 'Ward 13 (Kalimati)', 1, b'0'),
    	(14, 'Ward 14 (Kalanki)', 1, b'0'),
    	(15, 'Ward 15 (Dallu)', 1, b'0'),
    	(16, 'Ward 16 (Sorhakhutte)', 1, b'0'),
    	(17, 'Ward 17 (Chhetrapati)', 1, b'0'),
    	(18, 'Ward 18 (Nardevi)', 1, b'0'),
    	(19, 'Ward 19 (Damaitol)', 1, b'0'),
    	(20, 'Ward 20 (Bhimshensthan)', 1, b'0'),
    	(21, 'Ward 21 (Jaisideval)', 1, b'0'),
    	(22, 'Ward 22 (Tevahal)', 1, b'0'),
    	(23, 'Ward 23 (Ombahal)', 1, b'0'),
    	(24, 'Ward 24 (Makhantole)', 1, b'0'),
    	(25, 'Ward 25 (Janabahal)', 1, b'0'),
    	(26, 'Ward 26 (Lainchaur)', 1, b'0'),
    	(27, 'Ward 27 (Mahaboudha)', 1, b'0'),
    	(28, 'Ward 28 (Purano Buspark)', 1, b'0'),
    	(29, 'Ward 29 (Dillibazar Pipalbot)', 1, b'0'),
    	(30, 'Ward 30 (Gyaneshwor)', 1, b'0'),
    	(31, 'Ward 31 (Bhimsengola)', 1, b'0'),
    	(32, 'Ward 32 (Koteshwor)', 1, b'0'),
    	(33, 'Ward 01', 2, b'0'),
    	(34, 'Ward 02', 2, b'0'),
    	(35, 'Ward 03', 2, b'0'),
    	(36, 'Ward 04', 2, b'0'),
    	(37, 'Ward 05', 2, b'0'),
    	(38, 'Ward 06', 2, b'0'),
    	(39, 'Ward 07', 2, b'0'),
    	(40, 'Ward 08', 2, b'0'),
    	(41, 'Ward 09', 2, b'0'),
    	(42, 'Ward 10', 2, b'0'),
    	(43, 'Ward 11', 2, b'0'),
    	(44, 'Ward 12', 2, b'0'),
    	(45, 'Ward 13', 2, b'0'),
    	(46, 'Ward 01', 3, b'0'),
    	(47, 'Ward 02', 3, b'0'),
    	(48, 'Ward 03', 3, b'0'),
    	(49, 'Ward 04', 3, b'0'),
    	(50, 'Ward 05', 3, b'0'),
    	(51, 'Ward 06', 3, b'0'),
    	(52, 'Ward 07', 3, b'0'),
    	(53, 'Ward 08', 3, b'0'),
    	(54, 'Ward 09', 3, b'0'),
    	(55, 'Ward 10', 3, b'0'),
    	(56, 'Ward 11', 3, b'0'),
    	(57, 'Ward 12', 3, b'0'),
    	(58, 'Ward 13', 3, b'0'),
    	(59, 'Ward 14', 3, b'0'),
    	(60, 'Ward 15', 3, b'0'),
    	(61, 'Ward 01', 4, b'0'),
    	(62, 'Ward 02', 4, b'0'),
    	(63, 'Ward 03', 4, b'0'),
    	(64, 'Ward 04', 4, b'0'),
    	(65, 'Ward 05', 4, b'0'),
    	(66, 'Ward 06', 4, b'0'),
    	(67, 'Ward 07', 4, b'0'),
    	(68, 'Ward 08', 4, b'0'),
    	(69, 'Ward 09', 4, b'0'),
    	(70, 'Ward 01', 5, b'0'),
    	(71, 'Ward 02', 5, b'0'),
    	(72, 'Ward 03', 5, b'0'),
    	(73, 'Ward 04', 5, b'0'),
    	(74, 'Ward 05', 5, b'0'),
    	(75, 'Ward 06', 5, b'0'),
    	(76, 'Ward 07', 5, b'0'),
    	(77, 'Ward 08', 5, b'0'),
    	(78, 'Ward 09', 5, b'0'),
    	(79, 'Ward 01', 6, b'0'),
    	(80, 'Ward 02', 6, b'0'),
    	(81, 'Ward 03', 6, b'0'),
    	(82, 'Ward 04', 6, b'0'),
    	(83, 'Ward 05', 6, b'0'),
    	(84, 'Ward 06', 6, b'0'),
    	(85, 'Ward 07', 6, b'0'),
    	(86, 'Ward 08', 6, b'0'),
    	(87, 'Ward 09', 6, b'0'),
    	(88, 'Ward 01', 7, b'0'),
    	(89, 'Ward 02', 7, b'0'),
    	(90, 'Ward 03', 7, b'0'),
    	(91, 'Ward 04', 7, b'0'),
    	(92, 'Ward 05', 7, b'0'),
    	(93, 'Ward 06', 7, b'0'),
    	(94, 'Ward 07', 7, b'0'),
    	(95, 'Ward 08', 7, b'0'),
    	(96, 'Ward 09', 7, b'0'),
    	(97, 'Ward 10', 7, b'0'),
    	(98, 'Ward 01', 8, b'0'),
    	(99, 'Ward 02', 8, b'0'),
    	(100, 'Ward 03', 8, b'0'),
    	(101, 'Ward 04', 8, b'0'),
    	(102, 'Ward 05', 8, b'0'),
    	(103, 'Ward 06', 8, b'0'),
    	(104, 'Ward 07', 8, b'0'),
    	(105, 'Ward 08', 8, b'0'),
    	(106, 'Ward 09', 8, b'0'),
    	(107, 'Ward 10', 8, b'0'),
    	(108, 'Ward 01', 9, b'0'),
    	(109, 'Ward 02', 9, b'0'),
    	(110, 'Ward 03', 9, b'0'),
    	(111, 'Ward 04', 9, b'0'),
    	(112, 'Ward 05', 9, b'0'),
    	(113, 'Ward 06', 9, b'0'),
    	(114, 'Ward 07', 9, b'0'),
    	(115, 'Ward 08', 9, b'0'),
    	(116, 'Ward 09', 9, b'0'),
    	(117, 'Ward 01', 10, b'0'),
    	(118, 'Ward 02', 10, b'0'),
    	(119, 'Ward 03', 10, b'0'),
    	(120, 'Ward 04', 10, b'0'),
    	(121, 'Ward 05', 10, b'0'),
    	(122, 'Ward 06', 10, b'0'),
    	(123, 'Ward 07', 10, b'0'),
    	(124, 'Ward 08', 10, b'0'),
    	(125, 'Ward 09', 10, b'0'),
    	(126, 'Ward 10', 10, b'0'),
    	(127, 'Ward 11', 10, b'0'),
    	(128, 'Ward 01', 11, b'0'),
    	(129, 'Ward 02', 11, b'0'),
    	(130, 'Ward 03', 11, b'0'),
    	(131, 'Ward 04', 11, b'0'),
    	(132, 'Ward 05', 11, b'0'),
    	(133, 'Ward 06', 11, b'0'),
    	(134, 'Ward 07', 11, b'0'),
    	(135, 'Ward 08', 11, b'0'),
    	(136, 'Ward 09', 11, b'0'),
    	(137, 'Ward 10', 11, b'0'),
    	(138, 'Ward 11', 11, b'0'),
    	(139, 'Ward 01', 12, b'0'),
    	(140, 'Ward 02', 12, b'0'),
    	(141, 'Ward 03', 12, b'0'),
    	(142, 'Ward 04', 12, b'0'),
    	(143, 'Ward 05', 12, b'0'),
    	(144, 'Ward 06', 12, b'0'),
    	(145, 'Ward 07', 12, b'0'),
    	(146, 'Ward 08', 12, b'0'),
    	(147, 'Ward 09', 12, b'0'),
    	(148, 'Ward 10', 12, b'0'),
    	(149, 'Ward 11', 12, b'0'),
    	(150, 'Ward 12', 12, b'0'),
    	(151, 'Ward 13', 12, b'0'),
    	(152, 'Ward 14', 12, b'0'),
    	(153, 'Ward 15', 12, b'0'),
    	(154, 'Ward 16', 12, b'0'),
    	(155, 'Ward 17', 12, b'0'),
    	(156, 'Ward 18', 12, b'0'),
    	(157, 'Ward 19', 12, b'0'),
    	(158, 'Ward 20', 12, b'0'),
    	(159, 'Ward 21', 12, b'0'),
    	(160, 'Ward 22', 12, b'0'),
    	(161, 'Ward 23', 12, b'0'),
    	(162, 'Ward 24', 12, b'0'),
    	(163, 'Ward 25', 12, b'0'),
    	(164, 'Ward 26', 12, b'0'),
    	(165, 'Ward 27', 12, b'0'),
    	(166, 'Ward 28', 12, b'0'),
    	(167, 'Ward 29', 12, b'0'),
    	(168, 'Ward 01', 13, b'0'),
    	(169, 'Ward 02', 13, b'0'),
    	(170, 'Ward 03', 13, b'0'),
    	(171, 'Ward 04', 13, b'0'),
    	(172, 'Ward 05', 13, b'0'),
    	(173, 'Ward 06', 13, b'0'),
    	(174, 'Ward 07', 13, b'0'),
    	(175, 'Ward 08', 13, b'0'),
    	(176, 'Ward 09', 13, b'0'),
    	(177, 'Ward 10', 13, b'0'),
    	(178, 'Ward 01', 14, b'0'),
    	(179, 'Ward 02', 14, b'0'),
    	(180, 'Ward 03', 14, b'0'),
    	(181, 'Ward 04', 14, b'0'),
    	(182, 'Ward 05', 14, b'0'),
    	(183, 'Ward 06', 14, b'0'),
    	(184, 'Ward 07', 14, b'0'),
    	(185, 'Ward 08', 14, b'0'),
    	(186, 'Ward 09', 14, b'0'),
    	(187, 'Ward 10', 14, b'0'),
    	(188, 'Ward 11', 14, b'0'),
    	(189, 'Ward 12', 14, b'0'),
    	(190, 'Ward 13', 14, b'0'),
    	(191, 'Ward 14', 14, b'0'),
    	(192, 'Ward 01', 15, b'0'),
    	(193, 'Ward 02', 15, b'0'),
    	(194, 'Ward 03', 15, b'0'),
    	(195, 'Ward 04', 15, b'0'),
    	(196, 'Ward 05', 15, b'0'),
    	(197, 'Ward 01', 16, b'0'),
    	(198, 'Ward 02', 16, b'0'),
    	(199, 'Ward 03', 16, b'0'),
    	(200, 'Ward 04', 16, b'0'),
    	(201, 'Ward 05', 16, b'0'),
    	(202, 'Ward 06', 16, b'0'),
    	(203, 'Ward 07', 16, b'0'),
    	(204, 'Ward 01', 17, b'0'),
    	(205, 'Ward 02', 17, b'0'),
    	(206, 'Ward 03', 17, b'0'),
    	(207, 'Ward 04', 17, b'0'),
    	(208, 'Ward 05', 17, b'0'),
    	(209, 'Ward 06', 17, b'0'),
    	(210, 'Ward 01', 18, b'0'),
    	(211, 'Ward 02', 18, b'0'),
    	(212, 'Ward 03', 18, b'0'),
    	(213, 'Ward 04', 18, b'0'),
    	(214, 'Ward 05', 18, b'0'),
    	(215, 'Ward 06', 18, b'0'),
    	(216, 'Ward 07', 18, b'0'),
    	(217, 'Ward 08', 18, b'0'),
    	(218, 'Ward 09', 18, b'0'),
    	(219, 'Ward 10', 18, b'0'),
    	(220, 'Ward 01', 19, b'0'),
    	(221, 'Ward 02', 19, b'0'),
    	(222, 'Ward 03', 19, b'0'),
    	(223, 'Ward 04', 19, b'0'),
    	(224, 'Ward 05', 19, b'0'),
    	(225, 'Ward 06', 19, b'0'),
    	(226, 'Ward 07', 19, b'0'),
    	(227, 'Ward 08', 19, b'0'),
    	(228, 'Ward 09', 19, b'0'),
    	(229, 'Ward 01', 20, b'0'),
    	(230, 'Ward 02', 20, b'0'),
    	(231, 'Ward 03', 20, b'0'),
    	(232, 'Ward 04', 20, b'0'),
    	(233, 'Ward 05', 20, b'0'),
    	(234, 'Ward 06', 20, b'0'),
    	(235, 'Ward 07', 20, b'0'),
    	(236, 'Ward 08', 20, b'0'),
    	(237, 'Ward 09', 20, b'0'),
    	(238, 'Ward 01', 21, b'0'),
    	(239, 'Ward 02', 21, b'0'),
    	(240, 'Ward 03', 21, b'0'),
    	(241, 'Ward 04', 21, b'0'),
    	(242, 'Ward 05', 21, b'0'),
    	(243, 'Ward 06', 21, b'0'),
    	(244, 'Ward 07', 21, b'0'),
    	(245, 'Ward 08', 21, b'0'),
    	(246, 'Ward 09', 21, b'0'),
    	(247, 'Ward 10', 21, b'0');
    /*!40000 ALTER TABLE `lg_ward` ENABLE KEYS */;



INSERT INTO ipalika_v3.sifaris_form_fields_mapper(form_id, element_id, element_placeholder) VALUES
    (21, 1, "NAME"),
    (21, 2, "EMAIL"),
    (21, 3, "PHONE"),
    (20, 2, "EMAIL"),
    (20, 3, "PHONE"),
    (14, 2, "EMAIL"),
    (14, 3, "PHONE");
